<?xml version="1.0" encoding="UTF-8"?>
<beans:beans xmlns="http://www.springframework.org/schema/security"
	xmlns:xsi="http://www.w3.org/2001/XMLSchema-instance"
	xmlns:beans="http://www.springframework.org/schema/beans"
	xsi:schemaLocation="http://www.springframework.org/schema/security http://www.springframework.org/schema/security/spring-security-4.0.xsd
		http://www.springframework.org/schema/beans http://www.springframework.org/schema/beans/spring-beans.xsd">
	
	<http auto-config="true">
		<intercept-url pattern="/**" access="isAuthenticated()" />
		 <form-login login-page="/home.jsp" authentication-failure-handler-ref="/home.jsp" />
		<logout />
	</http>
	
	<authentication-manager>
    	<!-- in-memory authentication provider, only useful for prototype applications that don't require complex security infrastructure -->
        <authentication-provider>
            <user-service>
                <user name="user" password="password" authorities="" />
            </user-service>
        </authentication-provider>
    </authentication-manager>	
</beans:beans>
